taxonomy_id	name
40324	Stenotrophomonas maltophilia
2005046	Stenotrophomonas sp. WZN-1
2939415	Stenotrophomonas sp. NY11291
487698	Stenotrophomonas pavanii
216778	Stenotrophomonas rhizophila
2045451	Stenotrophomonas indicatrix
69	Lysobacter enzymogenes
339	Xanthomonas campestris
107445	Pseudomonas sp. A2
2169583	Pseudomonas sp. SXM-1
1259844	Pseudomonas sp. FGI182
2067572	Pseudomonas sp. NC02
2745519	Pseudomonas sp. OE 28.3
2812000	Pseudomonas sp. SDM007
1573718	Pseudomonas sp. S34
2920387	Pseudomonas sp. LS.1a
2866278	Pseudomonas sp. S07E 245
1636610	Pseudomonas sp. PONIH3
303	Pseudomonas putida
1940636	Pseudomonas shirazica
2219225	Pseudomonas asiatica
43263	Pseudomonas alcaligenes
287	Pseudomonas aeruginosa
301	Pseudomonas oleovorans
2906062	Pseudomonas wenzhouensis
1691904	Pseudomonas sediminis
101564	Pseudomonas alcaliphila
489632	Pseudomonas chengduensis
237610	Pseudomonas psychrotolerans
316	Stutzerimonas stutzeri
158836	Enterobacter hormaechei
549	Pantoea agglomerans
59814	Pantoea dispersa
40214	Acinetobacter johnsonii
2004644	Acinetobacter sp. WCHA45
108981	Acinetobacter schindleri
108980	Acinetobacter ursingii
28090	Acinetobacter lwoffii
40215	Acinetobacter junii
34062	Moraxella osloensis
480	Moraxella catarrhalis
729	Haemophilus parainfluenzae
2498451	Rheinheimera mangrovi
2762322	Variovorax sp. PAMC26660
34073	Variovorax paradoxus
558537	Delftia lacustris
358220	Acidovorax sp. KKS102
2478662	Acidovorax sp. 1608163
225991	Comamonas aquatica
190721	Ralstonia insidiosa
329	Ralstonia pickettii
488447	Burkholderia contaminans
119219	Cupriavidus metallidurans
82633	Cupriavidus pauculus
134537	Paraburkholderia fungorum
47671	Lautropia mirabilis
2732163	Limnobacter sp. SAORIC-580
2861284	Janthinobacterium sp. PAMC25594
1644131	Janthinobacterium sp. 1_2014MBL_MicDiv
1938606	Janthinobacterium sp. LM6
368607	Janthinobacterium svalbardensis
2590869	Janthinobacterium tructae
2861282	Massilia sp. NP310
863372	Herbaspirillum huttiense
85698	Achromobacter xylosoxidans
1353891	Achromobacter deleyi
217203	Achromobacter spanius
307486	Tepidimonas taiwanensis
1296669	Aquabacterium olei
267212	Neisseria bacilliformis
488	Neisseria mucosa
288000	Bradyrhizobium sp. BTAi1
2057741	Bradyrhizobium sp. SK17
244734	Bradyrhizobium betae
1355477	Bradyrhizobium diazoefficiens
358	Agrobacterium tumefaciens
2725666	Mesorhizobium terrae
529	Brucella anthropi
2938948	Sphingomonas sp. S8-45
2565555	Sphingomonas sp. PAMC26645
185951	Sphingomonas aerolata
2571749	Novosphingobium sp. EMRT-2
13690	Sphingobium yanoikuyae
1112	Erythrobacter neustonensis
2562582	Brevundimonas sp. 'scallop'
293	Brevundimonas diminuta
2774189	Brevundimonas pondensis
2500532	Paracoccus sp. Arc7-R13
2903900	Paracoccus sp. S8-55
147645	Paracoccus yeei
2560053	Paracoccus liaowanqingii
297	Hydrogenophilus thermoluteolus
2911367	Streptomyces sp. NBU3104
2692235	Streptomyces sp. GF20
2929798	Streptomyces sp. PLM4
2782013	Streptomyces sp. A10(2020)
206662	Streptomyces sp. FR-008
2782004	Streptomyces sp. XC 2026
565560	Streptomyces sp. SM17
2884220	Streptomyces sp. WA1-19
1476754	Streptomyces sp. 604F
2841662	Streptomyces sp. G11C(2021)
42239	Streptomyces sampsonii
1886	Streptomyces albidoflavus
188770	Streptomyces koyangensis
53451	Streptomyces rutgersensis
67381	Streptomyces violascens
1747	Cutibacterium acnes
33011	Cutibacterium granulosum
33010	Cutibacterium avidum
2559073	Cutibacterium modestum
160826	Nocardioides aquaticus
1270	Micrococcus luteus
2047	Rothia dentocariosa
37923	Rothia kristinae
43675	Rothia mucilaginosa
169480	Rothia amarae
172042	Rothia aeria
71999	Kocuria palustris
1275	Kocuria rosea
150026	Leifsonia shinshuensis
2781978	Leifsonia sp. ZF2019
1710	Cellulosimicrobium cellulans
1276	Kytococcus sedentarius
2963431	Janibacter sp. CX7
1274	Dermacoccus nishinomiyaensis
2762331	Dermacoccus sp. PAMC28757
33889	Brevibacterium casei
161879	Corynebacterium kroppenstedtii
43768	Corynebacterium matruchotii
38304	Corynebacterium tuberculostearicum
1979527	Corynebacterium kefirresidentii
43990	Corynebacterium segmentosum
37637	Corynebacterium pseudodiphtheriticum
65058	Corynebacterium ulcerans
38284	Corynebacterium accolens
401472	Corynebacterium ureicelerivorans
2763010	Corynebacterium lujinxingii
161899	Corynebacterium singulare
1828	Rhodococcus fascians
1564114	Rhodococcus sp. B7740
712270	Dietzia sp. oral taxon 368
322509	Dietzia kunjamensis
57704	Tsukamurella tyrosinosolvens
712122	Actinomyces sp. oral taxon 414
706438	Actinomyces sp. oral taxon 171
2789425	Actinomyces sp. HMT 175
712116	Actinomyces sp. oral taxon 169
544580	Actinomyces oris
1655	Actinomyces naeslundii
1656	Actinomyces viscosus
1660	Schaalia odontolytica
2851567	Modestobacter sp. L9-4
477641	Modestobacter marinus
445576	Pseudonocardia sp. AL041005-10
2702	Gardnerella vaginalis
49319	Rubrobacter xylanophilus
1382	Lancefieldella parvula
1303	Streptococcus oralis
45634	Streptococcus cristatus
1305	Streptococcus sanguinis
1302	Streptococcus gordonii
2610896	Streptococcus sp. LPB0220
2576376	Streptococcus sp. 1643
1338	Streptococcus intermedius
1318	Streptococcus parasanguinis
1308	Streptococcus thermophilus
28037	Streptococcus mitis
113107	Streptococcus australis
1313	Streptococcus pneumoniae
1358	Lactococcus lactis
1359	Lactococcus cremoris
147802	Lactobacillus iners
47770	Lactobacillus crispatus
1613	Limosilactobacillus fermentum
28038	Latilactobacillus curvatus
46124	Granulicatella adiacens
2751	Carnobacterium maltaromaticum
29394	Dolosigranulum pigrum
51669	Tetragenococcus halophilus
46125	Abiotrophia defectiva
1282	Staphylococcus epidermidis
1290	Staphylococcus hominis
29388	Staphylococcus capitis
1292	Staphylococcus warneri
29379	Staphylococcus auricularis
29385	Staphylococcus saprophyticus
29382	Staphylococcus cohnii
29378	Staphylococcus arlettae
45972	Staphylococcus pasteuri
29391	Gemella morbillorum
1536770	Paenibacillus sp. FSL R5-0345
29466	Veillonella parvula
1491	Clostridium botulinum
33033	Parvimonas micra
274	Thermus thermophilus
2918899	Thermus sp. NEB1569
68909	Deinococcus geothermalis
28135	Prevotella oris
165179	Prevotella copri
28133	Prevotella nigrescens
28132	Prevotella melaninogenica
28129	Prevotella denticola
470565	Prevotella histicola
2708117	Capnocytophaga endodontalis
1017	Capnocytophaga gingivalis
1019	Capnocytophaga sputigena
2487072	Epilithonimonas vandammei
2004710	Cloacibacterium caeni
247	Empedobacter brevis
188932	Pedobacter cryoconitis
157687	Leptotrichia wadei
712357	Leptotrichia sp. oral taxon 212
851	Fusobacterium nucleatum
2562443	Trichoderma sp. IMV 00454
40127	Neurospora tetrasperma
5141	Neurospora crassa
2086344	Podosphaera cerasi
62708	Golovinomyces cichoracearum
40559	Botrytis cinerea
119933	Stemphylium vesicarium
105696	Epicoccum nigrum
132096	Corynespora olivacea
2940325	Preussia sp. D2B6
1431937	Neocatenulostroma microsporum
2894517	Lasiodiplodia sp. KE8409
5074	Penicillium brevicompactum
5082	Penicillium roqueforti
47425	Armillaria borealis
262245	Amanita exitialis
264083	Clavaria fumosa
207832	Heterobasidion parviporum
76775	Malassezia restricta
223818	Malassezia japonica
307758	Ustilago bromivora
526925	Melampsora pinitorqua
106018	Cystobasidium slooffiae
29898	Rhodotorula graminis
1712513	Syncephalis pseudoplumigaleata
2734074	Simpcentumvirus Smp131
76761	Pseudomonas veronii
380021	Pseudomonas protegens
515393	Pseudomonas yamanorum
631	Yersinia intermedia
1827285	Acinetobacter sp. MYb10
59779	Paracoccus marcusii
1545044	Paracoccus sanguinis
195105	Haematobacter massiliensis
1402135	Pseudosulfitobacter pseudonitzschiae
1076	Rhodopseudomonas palustris
408	Methylorubrum extorquens
223967	Methylorubrum populi
2897334	Methylorubrum sp. B1-46
2082387	Mesorhizobium sp. Pch-S
2718938	Phyllobacterium sp. 628
2267833	Rhizobium oryzihabitans
152682	Sphingomonas melonis
29581	Janthinobacterium lividum
55508	Janthinobacterium agaricidamnosum
2681552	Variovorax sp. RKNM96
1858609	Acidovorax sp. T1
2738413	Acidovorax sp. YS12
2743470	Acidovorax antarcticus
80866	Delftia acidovorans
1355374	Aliarcobacter lanthieri
2017486	Nocardioides sp. S5
446860	Kocuria flava
72000	Kocuria rhizophila
1179670	Micrococcus sp. KBS0714
2594913	Corynebacterium sanguinis
43765	Corynebacterium amycolatum
39791	Corynebacterium glucuronolyticum
37329	Nocardia farcinica
1681	Bifidobacterium bifidum
1304	Streptococcus salivarius
1309	Streptococcus mutans
1597	Lacticaseibacillus paracasei
1351	Enterococcus faecalis
2738	Vagococcus fluvialis
33028	Staphylococcus saccharolyticus
1280	Staphylococcus aureus
2916802	Parageobacillus sp. KH3-4
1426	Parageobacillus thermoglucosidasius
1536775	Paenibacillus sp. FSL H7-0737
853	Faecalibacterium prausnitzii
1260	Finegoldia magna
54299	Chroococcidiopsis thermalis
336820	Pedobacter roseus
237258	Cloacibacterium normanense
76123	Prevotella enoeca
2211642	Monosporascus sp. 5C6A
70558	Penicillium sumatraense
1173061	Geotrichum candidum
2886359	Stenotrophomonas sp. SI-NJAU-1
2571115	Pseudoxanthomonas sp. X-1
2971912	Pseudomonas sp. CBS
2898483	Pseudomonas sp. 7-41
2804761	Pseudomonas sp. 15A4
253237	Pseudomonas sp. phDV1
2219057	Pseudomonas sp. LG1E9
1573720	Pseudomonas sp. S49
2749807	Pseudomonas sp. Y39-6
169669	Pseudomonas extremorientalis
47878	Pseudomonas azotoformans
70775	Pseudomonas plecoglossicida
2493633	Pseudomonas hydrolytica
317	Pseudomonas syringae
296	Pseudomonas fragi
48296	Acinetobacter pittii
470	Acinetobacter baumannii
40216	Acinetobacter radioresistens
1463165	Klebsiella quasipneumoniae
1134687	Klebsiella michiganensis
28901	Salmonella enterica
562	Escherichia coli
41202	Ewingella americana
587	Providencia rettgeri
546367	Hafnia paralvei
727	Haemophilus influenzae
666	Vibrio cholerae
115808	Bradyrhizobium sp. ORS 285
2782641	Bradyrhizobium sp. 170
114615	Bradyrhizobium sp. ORS 278
2898149	Bradyrhizobium sp. A19
1521768	Bradyrhizobium sp. WD16
1325114	Bradyrhizobium sp. CCBAU 53351
44255	Bradyrhizobium oligotrophicum
29448	Bradyrhizobium elkanii
1549949	Bradyrhizobium vignae
858423	Bradyrhizobium arachidis
375	Bradyrhizobium japonicum
1325107	Bradyrhizobium zhanjiangense
1274631	Bradyrhizobium icense
1404411	Bradyrhizobium septentrionale
1325095	Bradyrhizobium guangzhouense
40137	Afipia carboxidovorans
475937	Rhodopseudomonas boonkerdii
912	Nitrobacter hamburgensis
913	Nitrobacter winogradskyi
1404741	Tardiphaga sp. 37S4
2483404	Mesorhizobium sp. NZP2077
555317	Phyllobacterium sp. T1293
31998	Methylobacterium radiotolerans
334852	Methylobacterium oryzae
374432	Methylobacterium tardum
648995	Rhizobium pusense
1961362	Sphingomonas sp. NIC1
2759526	Sphingomonas aliaeris
13689	Sphingomonas paucimobilis
120107	Sphingobium cloacae
164608	Novosphingobium sp. KA1
158500	Novosphingobium resinovorum
2760307	Paracoccus sp. MC1862
1945662	Paracoccus contaminans
2579977	Brevundimonas sp. SGAir0440
1325724	Brevundimonas vancanneytii
284016	Phenylobacterium zucineum
2774875	Variovorax sp. 38R
436515	Variovorax boronicumulans
2792224	Diaphorobacter sp. JS3051
2866628	Diaphorobacter sp. MNS-0
285	Comamonas testosteroni
553814	Acidovorax carolinensis
105219	Ralstonia mannitolilytica
95486	Burkholderia cenocepacia
292	Burkholderia cepacia
511	Alcaligenes faecalis
123899	Bordetella trematum
28068	Rubrivivax gelatinosus
490	Neisseria sicca
1736306	Aeromicrobium sp. Leaf245
1544730	Kribbella qitaiheensis
2856555	Micrococcus sp. KD337-16
1049583	Kocuria indica
2719588	Kocuria sp. KD4
2895818	Arthrobacter sp. QL17
2079227	Arthrobacter sp. PGP41
37921	Arthrobacter agilis
656366	Arthrobacter alpinus
33918	Microbacterium liquefaciens
104336	Microbacterium foliorum
1703	Brevibacterium linens
1496080	Brevibacterium pigmentatum
556288	Brachybacterium saurashtrense
1667168	Dermabacter jinjuensis
53458	Janibacter limosus
1288636	Ornithinimicrobium flavum
1078471	Serinicoccus profundi
2823898	Corynebacterium sp. CCUG 38989
702967	Corynebacterium sp. NML98-0116
38289	Corynebacterium jeikeium
575200	Corynebacterium maris
38290	Corynebacterium macginleyi
38301	Corynebacterium minutissimum
152794	Corynebacterium efficiens
43770	Corynebacterium striatum
1725	Corynebacterium xerosis
1793	Mycolicibacterium fallax
212767	Mycobacterium sp. JS623
1653478	Rhodococcus sp. PBTS 1
334542	Rhodococcus qingshengii
2074	Pseudonocardia autotrophica
2865833	Pseudonocardia sp. DSM 110487
1861	Geodermatophilus obscurus
28025	Bifidobacterium animalis
1283	Staphylococcus haemolyticus
170573	Staphylococcus pettenkoferi
246432	Staphylococcus equorum
153151	Parageobacillus toebii
1639	Listeria monocytogenes
1379	Gemella haemolysans
712633	Streptococcus sp. oral taxon 431
1759399	Streptococcus sp. A12
2598453	Streptococcus sp. 116-D4
1252	Leuconostoc carnosum
1245	Leuconostoc mesenteroides
1244	Leuconostoc gelidum
1599	Latilactobacillus sakei
47715	Lacticaseibacillus rhamnosus
1296540	Paucilactobacillus nenjiangensis
44008	Enterococcus cecorum
51665	Aerococcus urinaeequi
2763672	Simiaoa sunii
2479767	Blautia sp. SC05B48
33034	Anaerococcus prevotii
1287640	Anaerococcus obesiensis
52022	Meiothermus silvanus
172827	Meiothermus taiwanensis
277	Meiothermus ruber
456163	Thermus parvatiensis
37636	Thermus scotoductus
2080419	Deinococcus sp. NW-56
1177574	Prevotella jejuni
28131	Prevotella intermedia
2057025	Spirosoma pollinicola
712362	Leptotrichia sp. oral taxon 221
27342	Schizopora paradoxa
5207	Cryptococcus neoformans
1734106	Kwoniella shandongensis
82509	Trichosporon coremiiforme
1708541	Wallemia mellicola
70792	Penicillium corylophilum
1612424	Penicillium salamii
182096	Aspergillus chevalieri
1810908	Aspergillus spinulosporus
2723674	Blastomyces emzantsi
1671306	Pseudophaeomoniella oleicola
1928478	Aureobasidium sp. FSWF8-4
70808	Cladosporium tenuissimum
263923	Mycosphaerella populi
364715	Trypethelium eluteriae
5046	Sarocladium strictum
2939547	Sarocladiaceae sp. R1802
1159556	Ustilaginoidea virens
177199	Coniochaeta pulveracea
1455713	Tuber microsphaerosporum
2163413	Metschnikowia aff. pulcherrima
27326	Metschnikowia pulcherrima
4959	Debaryomyces hansenii
4929	Meyerozyma guilliermondii
34358	Kazachstania exigua
4952	Yarrowia lipolytica
13773	Pyrobaculum aerophilum
346	Xanthomonas citri
314722	Pseudoxanthomonas suwonensis
2862945	Pseudomonas sp. ArH3a
2730851	Pseudomonas sp. ADAK22
2605424	Pseudomonas sp. J380
2730847	Pseudomonas sp. ADAK13
294	Pseudomonas fluorescens
75612	Pseudomonas mandelii
78543	Pseudomonas migulae
47885	Pseudomonas oryzihabitans
76759	Pseudomonas monteilii
122355	Pseudomonas psychrophila
2056231	Pseudomonas qingdaonensis
2745514	Pseudomonas salmasensis
1646498	Acinetobacter sp. TTH0-4
2929509	Acinetobacter sp. NyZ410
2725684	Acinetobacter sp. NEB149
29430	Acinetobacter haemolyticus
106649	Acinetobacter guillouiae
2708350	Psychrobacter sp. WY6
548	Klebsiella aerogenes
2153385	Lelliottia sp. WB101
61648	Kluyvera intermedia
29484	Yersinia frederiksenii
472693	Pantoea eucrina
584	Proteus mirabilis
726	Haemophilus haemolyticus
166935	Pseudoalteromonas translucida
1196095	Gilliamella apicola
2718	Cardiobacterium hominis
446	Legionella pneumophila
1537274	Janthinobacterium sp. HH102
164759	Diaphorobacter nitroreducens
179636	Alicycliphilus denitrificans
2015348	Burkholderia aenigmatica
871203	Caballeronia zhejiangensis
391953	Aquincola tertiaricarbonis
1196083	Snodgrassella alvi
83627	Bradyrhizobium genosp. B
2748629	Bradyrhizobium quebecense
340268	Rhodopseudomonas sp. SK50-23
270351	Methylobacterium aquaticum
2815360	Rhizobium sp. X9
384	Rhizobium leguminosarum
2219696	Sphingomonas sp. FARSPH
1517554	Sphingomonas sp. HMP9
1523415	Sphingomonas sp. AAP5
1549858	Sphingomonas taxi
1813879	Sphingomonas panacisoli
424800	Sphingomonas insulae
1827469	Brevundimonas sp. GW460-12-10-14-LB2
78587	Asticcacaulis excentricus
265959	Komagataeibacter saccharivorans
203	Campylobacter rectus
566027	Micrococcus yunnanensis
37928	Arthrobacter crystallopoietes
36805	Microbacterium aurum
2509458	Microbacterium protaetiae
2609252	Rathayibacter sp. VKM Ac-2759
2596916	Frigoribacterium sp. NBH87
199591	Brevibacterium luteolum
2283195	Ornithinimicrobium avium
53374	Corynebacterium coyleae
36808	Corynebacterium bovis
2675219	Corynebacterium occultum
156978	Corynebacterium imitans
43769	Corynebacterium propinquum
546160	Dietzia lutea
1794	Mycolicibacterium gadium
1774	Mycobacteroides chelonae
2054	Gordonia bronchialis
1528099	Lawsonella clevelandensis
1852	Saccharomonospora viridis
138336	Blastococcus saxobsidens
47850	Micromonospora aurantiaca
712411	Olsenella sp. oral taxon 807
2025492	Staphylococcus sp. M0911
61015	Staphylococcus succinus
1817405	Abyssicoccus albus
946435	Jeotgalicoccus sp. ATCC 8456
2660554	Paenibacillus sp. B01
2892541	Lysinibacillus sp. CD3-6
294699	Anoxybacillus amylolyticus
2756	Brochothrix thermosphacta
84135	Gemella sanguinis
360911	Exiguobacterium sp. AT1b
2759692	Streptococcus sp. Marseille-Q3533
1433513	Streptococcus gwangjuense
102684	Streptococcus infantarius
257758	Streptococcus pseudopneumoniae
1584	Lactobacillus delbrueckii
1587	Lactobacillus helveticus
1590	Lactiplantibacillus plantarum
1160721	Ruminococcus bicirculans
114527	Mogibacterium diversum
2682455	Veillonella sp. S12025-13
2483360	Thermus caldilimi
317577	Deinococcus ficus
28137	Prevotella veroralis
28124	Porphyromonas endodontalis
837	Porphyromonas gingivalis
322095	Porphyromonas somerae
343874	Empedobacter falsenii
28454	Sphingobacterium multivorum
566460	Alternaria viburni
749835	Nothophoma quercina
58128	Helminthosporium solani
2894516	Lasiodiplodia sp. KE8368
2756246	Melanodothis sp. VS III C KN 2
2562440	Cladosporiaceae sp. IMV 00045
2929575	Cercospora sp. J1 LZ-2022
2940397	Aspergillus sp. F3601
1491479	Trichoderma simmonsii
2714763	Akanthomyces lecanii
1385972	Sporothrix brunneoviolacea
203535	Pseudozyma thailandica
1928479	Rhodotorula sp. FNED7-22
2778097	Mrakiaceae sp. VS III B KN 2
29902	Mrakia frigida
5412	Cystofilobasidium capitatum
615	Serratia marcescens
61646	Lelliottia amnigena
1390395	Sphingomonas sp. LK11
2082188	Sphingobium sp. YG1
1315974	Sphingobium sp. TKS
121428	Sphingobium xenophagum
33050	Sphingopyxis macrogoltabida
1842539	Bosea sp. RAC05
1867715	Bosea sp. Tri-49
121719	Pannonibacter phragmitetus
169176	Caenibius tardaugens
1312364	Brevundimonas albigilva
588932	Brevundimonas naejangsanensis
69665	Caulobacter sp. FWC26
155892	Caulobacter vibrioides
1842533	Acidovorax sp. RAC01
363952	Comamonas thiooxydans
82541	Cupriavidus gilardii
1758194	Achromobacter sp. AONIH1
2811415	Niveibacterium microcysteis
980427	Deinococcus wulumuqiensis
1385715	Hymenobacter qilianensis
2899117	Pleurotus ostreatus/Saccharomyces cerevisiae fusant
1904944	Stenotrophomonas sp. LM091
2871174	Stenotrophomonas sp. DR822
2508168	Luteimonas sp. YGD11-2
2051553	Methylobacterium currus
33051	Sphingomonas sanguinis
1744	Propionibacterium freudenreichii
82380	Microbacterium oxydans
857417	Janibacter indicus
84595	Gordonia polyisoprenivorans
2770322	Stenotrophomonas sp. 169
2691571	Stenotrophomonas sp. 364
2682487	Stenotrophomonas sp. SXG-1
2290922	Lysobacter sp. TY2-98
1758730	Pseudomonas sp. BIOMIG1BAC
2866808	Pseudomonas sp. MM211
1028989	Pseudomonas sp. StFLB209
1173273	Pseudomonas sp. R2-37-08W
76758	Pseudomonas orientalis
321846	Pseudomonas simiae
244566	Pseudomonas lurida
158627	Pseudomonas graminis
2745510	Pseudomonas zeae
470934	Pantoea vagans
1805933	Rahnella sp. ERMR1:05
471	Acinetobacter calcoaceticus
70346	Acinetobacter variabilis
1148157	Acinetobacter oleivorans
735	Haemophilus parahaemolyticus
28099	Agrobacterium rubi
2735528	Agrobacterium vaccinii
1335043	Paradevosia shaoguanensis
2319844	Sphingomonas paeninsulae
1332080	Sphingobium baderi
1529068	Paracoccus tegillarcae
2861285	Brevundimonas sp. PAMC22021
2769491	Massilia sp. LPB0304
2728020	Massilia forsythiae
321984	Pseudoduganella plicata
216465	Polaromonas naphthalenivorans
168471	Laribacter hongkongensis
1547448	Arachnia rubra
2917724	Nocardioides sp. TF02-7
2895565	Nocardioides sp. B-3
1909395	Nonomuraea sp. ATCC 55076
93944	Nonomuraea gerenzanensis
2656914	Nonomuraea nitratireducens
404386	Nonomuraea coxensis
2001	Streptosporangium roseum
2006	Thermobispora bispora
2480625	Plantibacter sp. PA-3-X8
2583822	Plantibacter sp. M259
273678	Microbacterium hydrocarbonoxydans
1072463	Microbacterium lemovicicum
28447	Clavibacter michiganensis
2768071	Clavibacter zhangzhiyongii
2035	Curtobacterium flaccumfaciens
110937	Rathayibacter festucae
85336	Rothia nasimurium
1933880	Glutamicibacter halophytocola
2567881	Citricoccus sp. SGAir0253
60920	Sanguibacter keddieii
2795215	Brachybacterium halotolerans
43669	Brachybacterium faecium
2973977	Cellulomonas sp. NS3
2509457	Xylanimonas protaetiae
146827	Corynebacterium simulans
349751	Corynebacterium marinum
1764	Mycobacterium avium
2024580	Plantactinospora sp. KBS50
2071627	Plantactinospora sp. BB1
47875	Micromonospora sagamiensis
338584	Polymorphospora rubra
2056258	Streptomyces sp. AMCC400023
2722752	Iamia sp. SCSIO 61187
2583377	Saccharibacillus brassicae
81408	Parageobacillus caldoxylosilyticus
33940	Geobacillus thermodenitrificans
213419	Geobacillus zalihae
2829816	Exiguobacterium sp. PFWT01
76860	Streptococcus constellatus
1310	Streptococcus sobrinus
1596	Lactobacillus gasseri
1604	Lactobacillus amylovorus
1579	Lactobacillus acidophilus
88431	Dorea longicatena
301301	Roseburia hominis
39488	Anaerobutyricum hallii
2831966	Ruminococcus sp. FMBCY1
2086584	Massilistercora timonensis
46354	Thermoanaerobacter wiegelii
39778	Veillonella dispar
907	Megasphaera elsdenii
2652443	Deinococcus sp. AJ005
28127	Prevotella buccalis
712471	Prevotella sp. oral taxon 475
2606626	Sodaliphilus pleomorphus
712710	Tannerella serpentiformis
2932250	Hymenobacter sp. 5317J-9
1446467	Hymenobacter swuensis
1705399	Hymenobacter monticola
536441	Chryseobacterium taklimakanense
76777	Malassezia sympodialis
40483	Fomitopsis pinicola
89926	Cystofilobasidium macerans
5414	Erythrobasidium hasegawianum
5454	Ascochyta rabiei
1187904	Alternaria burnsii
1351752	Parastagonospora avenae
117547	Diatrype stigma
62714	Golovinomyces magnicellulatus
746128	Aspergillus fumigatus
479092	Yarrowia alimentaria
1291540	Candidatus Methanomethylophilus alvus
2901380	Pseudomonas sp. NIBR-H-19
658630	Pseudomonas sp. CMR5c
47883	Pseudomonas synxantha
33069	Pseudomonas viridiflava
640205	Pseudomonas seleniipraecipitans
191390	Pseudomonas palleroniana
2565368	Pseudomonas atacamensis
1788301	Pseudomonas versuta
2004646	Acinetobacter sp. WCHA55
710648	Acinetobacter sp. Tol 5
1879049	Acinetobacter sp. WCHAc010034
756892	Acinetobacter indicus
202956	Acinetobacter towneri
478	Moraxella nonliquefaciens
571	Klebsiella oxytoca
573	Klebsiella pneumoniae
1972431	Phytobacter ursingii
9	Buchnera aphidicola
665913	Mixta calida
585	Proteus vulgaris
645	Aeromonas salmonicida
644	Aeromonas hydrophila
43948	Tolumonas auensis
1935446	Photobacterium toruni
2782662	Bradyrhizobium sp. 195
2840473	Bradyrhizobium sp. S2-11-4
1325100	Bradyrhizobium sp. CCBAU 51753
1197460	Bradyrhizobium sp. 6(2017)
2590772	Bradyrhizobium sp. I71
1404367	Bradyrhizobium symbiodeficiens
1325090	Bradyrhizobium guangdongense
190148	Bradyrhizobium paxllaeri
2589974	Mesorhizobium sp. B2-1-1
352475	Shinella zoogloeoides
2877941	Shinella sp. XGS7
2603276	Methylobacterium sp. WL1
1479019	Methylobacterium sp. C1
410	Methylobacterium organophilum
2528964	Xanthobacter dioxanivorans
2890321	Sphingomonas radiodurans
2733867	Sphingobium sp. KCTC 72723
2486273	Sphingopyxis sp. OPL5
1609758	Novosphingobium sp. P6W
1921510	Tardibacter chloracetimidivorans
2589076	Paracoccus sp. AK26
207340	Roseomonas mucosa
2897332	Roseomonas sp. OT10
1612173	Niveispirillum cyanobacteriorum
2602016	Hypericibacter adhaerens
172043	Brevundimonas nasdae
1795631	Variovorax sp. PAMC 28711
434008	Variovorax sp. PBS-H4
225992	Comamonas kerstersii
152480	Burkholderia ambifaria
151783	Cupriavidus campinensis
261302	Paraburkholderia phytofirmans
413882	Schlegelella brevitalea
392593	Inhella inkyongensis
495	Neisseria elongata
28449	Neisseria subflava
483	Neisseria cinerea
155925	Nitrosospira sp. NRS527
556499	Propionibacterium acidifaciens
1750	Arachnia propionica
2849501	Nocardioides panacis
1272	Kocuria varians
2048898	Microbacterium sp. Y-01
2508882	Ornithinimicrobium sp. HY006
2934161	Ornithinimicrobium sp. JY.X270
2017485	Brachybacterium avium
1705	Corynebacterium stationis
169292	Corynebacterium aurimucosum
43771	Corynebacterium urealyticum
1833	Rhodococcus erythropolis
1689	Bifidobacterium dentium
1694	Bifidobacterium pseudolongum
33910	Amycolatopsis mediterranei
163604	Nocardiopsis exhalans
2021	Thermobifida fusca
2843216	Miltoncostaea oceani
1601	Ligilactobacillus agilis
69966	Macrococcus caseolyticus
1422	Geobacillus stearothermophilus
2886352	Allocoleopsis franciscana
821	Phocaeicola vulgatus
2086471	Adhaeribacter swui
5341	Agaricus bisporus
2053458	Termitomyces sp. T32_za158
5325	Trametes versicolor
1659843	Sanghuangporus lonicericola
2304319	Phaeosphaeria sp. H6.2b
240345	Dothiorella sarmentorum
545652	Sporothrix mexicana
1825666	Phyllachora maydis
2211643	Monosporascus sp. CRB-9-2
1441468	Talaromyces albobiverticillius
4903	Cyberlindnera jadinii
74829	Stutzerimonas balearica
654	Aeromonas veronii
434010	Hydrogenophaga sp. PBL-H3
2716225	Hydrogenophaga sp. BA0156
2741720	Rhodoferax sp. BAB1
1267217	Melaminivora jejuensis
2970464	Massilia sp. H6
1707785	Massilia sp. WG5
945844	Massilia oculi
2601898	Noviherbaspirillum sp. UKPF54
2914710	Sphaerotilus sp. FB-5
63	Vitreoscilla filiformis
2220096	Indioceanicola profundi
193	Azospirillum lipoferum
682998	Azospirillum ramasamyi
1789672	Skermanella mucosa
1817965	Skermanella rosea
2603277	Rhizobium sp. WL3
1368430	Rhizobium rosettiformans
379684	Rhizobium pseudoryzae
2664893	Agrobacterium sp. MA01
879274	Shinella sp. HZN7
1813451	Peteryoungia desertarenae
1969821	Ciceribacter thiooxidans
2740529	Microvirga sp. R24
2807101	Microvirga sp. VF16
7	Azorhizobium caulinodans
374606	Aminobacter sp. MSH1
2591463	Brevundimonas sp. M20
1532555	Brevundimonas sp. DS20
2560058	Brevundimonas sp. Bb-A
1938605	Brevundimonas sp. LM2
74329	Brevundimonas mediterranea
2800818	Brevundimonas vitisensis
74313	Brevundimonas subvibrioides
2774190	Brevundimonas goettingensis
2903901	Phenylobacterium sp. LH3H17
2663857	Nocardioides sp. zg-579
2803858	Nocardioides sp. zg-536
450734	Nocardioides dokdonensis
449461	Nocardioides humi
419476	Nocardioides marinisabuli
200618	Nocardioides aromaticivorans
2933290	Agrococcus sp. SCSIO52902
1286	Staphylococcus simulans
152268	Metabacillus litoralis
935222	Flavobacterium sp. Sr18
2898794	Spirosoma sp. RHs26
38033	Chaetomium globosum
41984	Aspergillus tamarii
47884	Pseudomonas taetrolens
758826	Acidovorax radicis
1842537	Hydrogenophaga sp. RAC07
65656	Hydrogenophaga taeniospiralis
1484693	Rhodoferax saidenbachensis
94132	Ramlibacter tataouinensis
2768162	Roseomonas haemaphysalidis
444444	Chelatococcus daeguensis
2561924	Brevundimonas sp. MF30-B
827	Campylobacter ureolyticus
2714939	Nocardioides sp. HDW12B
2862880	Curtobacterium sp. TC1
1630135	Dermabacter vaginalis
2933797	Blastococcus sp. PRF04-17
147709	Carnobacterium inhibens
938288	Fenollaria massiliensis
57497	Deinococcus radiopugnans
1309411	Deinococcus soli (ex Cha et al. 2016)
1184	Leptolyngbya boryana
2747268	Dyadobacter sandarakinus
396024	Aspergillus ruber
89421	Amauroascus niger
2951366	Debaryomyces sp. S3305
522693	Debaryomyces subglobosus
1421430	Pseudomonas granadensis
300	Pseudomonas mendocina
2842346	Pseudomonas siliginis
721785	[Acidovorax] ebreus
1842536	Agrobacterium sp. RAC06
1335061	Pseudorhizobium flavum
1077935	Paracoccus zhejiangensis
84292	Microbacterium chocolatum
489910	Nosocomiicoccus ampullae
2596915	Hymenobacter sp. NBH84
2502779	Pseudocnuella soli
92950	Cladosporium sphaerospermum
2877939	Vogesella sp. XCS3
2897333	Metabacillus sp. B2-18
79883	Sutcliffiella horikoshii
352858	Bacillus sp. Y1
1491466	Trichoderma guizhouense
1926868	Acidovorax monticola
2806262	Hydrogenophaga sp. YM1
2806347	Hydrogenophaga sp. SL48
2651974	Hydrogenophaga sp. BPS33
795665	Hydrogenophaga sp. PBC
47421	Hydrogenophaga pseudoflava
1141883	Massilia putida
2497863	Janthinobacterium sp. 17J80-10
36863	Ideonella dechloratans
2698682	Lysobacter oculi
2855441	Halomonas sp. 18071143
709810	Azospirillum sp. TSA2s
2806346	Rhizobium sp. SL42
1882682	Microvirga ossetica
2752515	Brevundimonas sp. AJA228-03
2810513	Agrococcus sp. Marseille-Q4369
2575923	Brevibacterium sp. CS2
2939553	Trichoderma sp. PF4103
1567482	Trichoderma afroharzianum
1491008	Trichoderma semiorbis
93612	Exserohilum turcicum
28572	Talaromyces funiculosus
34485	Entomophthora muscae
76517	Campylobacter hominis
2815361	Corynebacterium sp. CNCTC7651
108486	Corynebacterium falsenii
156976	Corynebacterium riegelii
1717	Corynebacterium diphtheriae
187491	Corynebacterium glaucum
28026	Bifidobacterium pseudocatenulatum
216816	Bifidobacterium longum
1866	Actinoplanes missouriensis
131111	Schaalia turicensis
446660	Adlercreutzia equolifaciens
2929495	Faecalibacterium sp. I4384
2929494	Faecalibacterium sp. I4179
2929489	Faecalibacterium sp. IP329
2929488	Faecalibacterium sp. IP118
2929492	Faecalibacterium sp. I3333
2929491	Faecalibacterium sp. HTFF
2714355	Vescimonas coprocola
236753	Fastidiosipila sanguinis
166486	Roseburia intestinalis
2763062	Roseburia sp. NSJ-69
1737424	Blautia massiliensis
410072	Coprococcus comes
649756	Anaerostipes hadrus
39485	Lachnospira eligens
33038	[Ruminococcus] gnavus
1314	Streptococcus pyogenes
1311	Streptococcus agalactiae
1377	Aerococcus viridans
137732	Granulicatella elegans
33037	Anaerococcus vaginalis
1870984	Anaerococcus mediterraneensis
54005	Peptoniphilus harei
2948573	Peptoniphilus sp. SAHP1
54006	Peptoniphilus ivorii
1852373	Murdochiella vaginalis
46507	Ezakiella coagulans
1852374	Ezakiella massiliensis
1982626	Faecalibacillus intestinalis
33025	Phascolarctobacterium faecium
820	Bacteroides uniformis
28116	Bacteroides ovatus
46506	Bacteroides stercoris
28123	Porphyromonas asaccharolytica
46503	Parabacteroides merdae
82525	Tausonia pullulans
2029986	Shewanella sp. WE21
62322	Shewanella baltica
24	Shewanella putrefaciens
2931400	Sphingobacterium sp. PCS056
44070	Botryozyma nematodophila
2778051	Aeromonas sp. FDAARGOS 1402
2966554	Comamonas sp. C11
2735554	Diaphorobacter sp. JS3050
180282	Delftia tsuruhatensis
1125847	Pseudorhizobium banfieldiae
2811423	Ensifer sp. PDNC004
2201350	Phenylobacterium parvum
69666	Caulobacter mirabilis
1914525	Sphingopyxis sp. FD7
542	Zymomonas mobilis
85693	Mycolicibacterium monacense
1804	Mycolicibacterium gilvum
126673	Mycobacterium doricum
1791	Mycolicibacterium aurum
2653851	Rubrobacter tropicus
1636152	Planctomyces sp. SH-PL62
1678846	Alternaria sp. MG1
2940394	Alternaria sp. S3601
41413	Aspergillus glaucus
2109915	Simplicispira suum
88688	Caulobacter segnis
2596913	Sphingomonas sp. NBWT7
556325	Neomicrococcus aestuarii
2014	Nocardiopsis dassonvillei
2748	Carnobacterium divergens
1756149	Elizabethkingia bruuniana
1898684	Pseudomonas sp. LPH1
2820817	Aggregatibacter sp. 2125159857
639200	Sphaerotilus sulfidivorans
496	Neisseria macacae
484	Neisseria flavescens
485	Neisseria gonorrhoeae
505	Kingella oralis
539	Eikenella corrodens
1056807	Morococcus cerebrosus
199	Campylobacter concisus
204	Campylobacter showae
1343	Streptococcus vestibularis
1405	Bacillus mycoides
2682456	Veillonella nakazawae
652716	Prevotella sp. oral taxon 299
28113	Bacteroides heparinolyticus
554406	Leptotrichia hongkongensis
40542	Leptotrichia buccalis
157688	Leptotrichia hofstadii
157691	Leptotrichia shahii
2663009	Fusobacterium pseudoperiodonticum
71945	Hypholoma sublateritium
12402	Streptococcus phage EJ-1
134534	Acinetobacter gyllenbergii
1221500	Fictibacillus phosphorivorans
253	Chryseobacterium indologenes
29510	Turneriella parva
76760	Pseudomonas rhodesiae
208348	Puccinia triticina
614	Serratia liquefaciens
83455	Myxococcus stipitatus
702745	Myroides phaeus
5162	Ophiostoma fasciatum
1727	Corynebacterium variabile
1766	Mycolicibacterium fortuitum
71237	Mammaliicoccus vitulinus
1404	Priestia megaterium
1526222	Curvularia sp. IFB-Z10
46634	Aureobasidium melanogenum
